inicio,fim,duracao_min,slug,tipo,tokens_entrada,tokens_saida,tokens_cache,custo_usd,origem,observacao
2026-09-22T20:33:28-03:00,2026-09-22T20:57:15-03:00,24,dr-paulo-de-tarso,pagina,260,136906,19610900,9.07,ccusage,"demonstracao (ADR-004) + modo demonstracao nas ferramentas; cache = criacao 378033 + leitura 19232867; 1 sessao; subagentes de coleta (enderecos e imagens) podem nao estar somados"
2026-09-22T20:57:15-03:00,2026-09-22T21:16:29-03:00,19,hub-saude-negocios,pagina,184,114307,28640443,9.81,ccusage,"proposta de negocio (ADR-005) + indice com demonstracoes + merge e diagnostico do Pages; cache = criacao 278689 + leitura 28361754; 1 sessao; subagente de levantamento pode nao estar somado"
2026-09-23T06:25:35-03:00,2026-09-23T06:43:53-03:00,18,arruda-seixas,pagina,192,102561,16863603,7.35,ccusage,"demonstracao de escritorio de advocacia (ADR-006: tipo advocacia, identificacao OAB, piso Provimento 205/2021, 7 testes); cache = criacao 246688 + leitura 16616915; 1 sessao dedicada (tokens exatos, desde o inicio da sessao); o relogio comecou na 1a marcacao medida, ~8 min de leitura antes dela nao contados"
2026-09-23T06:43:53-03:00,2026-09-23T06:59:44-03:00,16,arruda-seixas,ajuste,90,40209,14725846,4.54,ccusage,"2a versao a pedido do dono: retratos P&B dos socios + predio (Pexels) e rodape em colunas; diferenca entre duas leituras do ccusage na mesma sessao (exata); o intervalo inclui o fechamento da 1a versao e a espera ate a mensagem do dono"
2026-09-23T06:59:44-03:00,2026-09-23T07:10:57-03:00,11,arruda-seixas,ajuste,48,16540,9449929,2.47,ccusage,"abertura: predio recusado pelo dono; 4 opcoes aplicadas, escolhida a D (reuniao); diferenca entre leituras do ccusage na mesma sessao; inclui a espera pela escolha do dono"
2026-09-23T07:11:00-03:00,2026-09-23T07:24:30-03:00,13,indice,assets,96,42003,21620684,5.76,ccusage,"indice Solucoes da Fabrica de Apps e Solucoes (ADR-007, D-02): logo, duas colunas, busca nas duas, previa de link; + imagem social nova do arruda-seixas (WhatsApp); diferenca entre leituras do ccusage na mesma sessao"
2026-09-23T10:21:31-03:00,2026-09-23T10:26:59-03:00,5,s-frontdesk+rodapes,publicacao,,,,,so-tempo,"publicacao da entrega s-frontdesk (DDD 20 inexistente no WhatsApp) + rodape em colunas no dr-paulo-de-tarso, hub-saude-negocios e s-frontdesk"
2026-09-27T15:46:29-03:00,2026-09-27T16:00:00-03:00,14,emilia-kuwano,pagina-nova,122,71224,9585242,4.89,ccusage,"ADR-008 (tipo nutricao, CRN, piso do CFN), pagina em rascunho com aberturas A/B para curadoria; CRN pendente; pausado"
2026-09-27T16:00:00-03:00,2026-09-27T16:21:43-03:00,22,emilia-kuwano,redesenho,264,106057,18223182,8.17,ccusage,"layout recusado; 3 opcoes por 3 agentes Opus em paralelo (tokens dos agentes incluidos - ccusage soma); escolhida a opcao 3; icones nos botoes; CRN-5 1575 do dono; inclui esperas"
2026-09-27T16:21:43-03:00,2026-09-27T16:38:18-03:00,16,emilia-kuwano,publicacao,54,31830,8744722,2.77,ccusage,"publicada como proposta (emenda ADR-008); Salvador/BA; regra de custo com todos os agentes e delegacao Opus>Sonnet/Haiku; total da pagina US$ 15,83 com 3 agentes Opus (layouts)"
2026-09-27T20:31:02-03:00,2026-09-27T21:49:20-03:00,78,karoline-melo,pagina-nova,1018,348395,85979092,26.90,ccusage,"ADR-009 (tipo imobiliario, CRECI, piso COFECI, 13 testes); 1a versao recusada; 3 layouts por 3 agentes Sonnet + pesquisa, ferramentas, pagina e docs (7 agentes Sonnet); pagina de escolha e OG por opcao; + ajuste da emilia (aviso fora) e tabela de projetos no mesmo segmento; cache = criacao 1504881 + leitura 84474211; sessao dedicada; inclui esperas pelo dono"
